{
    "props": [
        {
            "player": "Walker Kessler",
            "team": "Washington Wizards",
            "opponent": "Utah Jazz",
            "nba": true,
            "game_time": "2025-03-19T19:00:00",
            "stat_type": "Points",
            "line": 25,
            "over_under": "Over"
        },
        {
            "player": "Anthony Edwards",
            "team": "Minnesota Timberwolves",
            "opponent": "Denver Nuggets",
            "nba": true,
            "game_time": "2025-03-19T19:00:00",
            "stat_type": "Assists",
            "line": 4.5,
            "over_under": "Over"
        },
        {
            "player": "Chet Holmgren",
            "team": "Oklahoma City Thunder",
            "opponent": "Utah Jazz",
            "nba": true,
            "game_time": "2025-03-19T19:00:00",
            "stat_type": "Rebounds",
            "line": 28.5,
            "over_under": "Under"
        },
        {
            "player": "Devin Vassell",
            "team": "San Antonio Spurs",
            "opponent": "Houston Rockets",
            "nba": true,
            "game_time": "2025-03-19T19:00:00",
            "stat_type": "Points+Assists",
            "line": 24.5,
            "over_under": "Over"
        },
        {
            "player": "OG Anunoby",
            "team": "San Antonio Spurs",
            "opponent": "Houston Rockets",
            "nba": true,
            "game_time": "2025-03-19T19:00:00",
            "stat_type": "Points+Rebounds",
            "line": 28.5,
            "over_under": "Over"
        },
        {
            "player": "Mitchell Robinson",
            "team": "New York Knicks",
            "opponent": "San Antonio Spurs",
            "nba": true,
            "game_time": "2025-03-19T19:00:00",
            "stat_type": "Rebounds+Assists",
            "line": 12.5,
            "over_under": "Under"
        },
        {
            "player": "Pascal Siakam",
            "team": "Indiana Pacers",
            "opponent": "Detroit Pistons",
            "nba": true,
            "game_time": "2025-03-19T19:00:00",
            "stat_type": "Points+Rebounds+Assists",
            "line": 35.5,
            "over_under": "Over"
        }
    ]
}